{
  "translation":
  {
    "x": 0.04134511,
    "y": 0.02812067,
    "z": 0.05159544
  },
  "rotation":
  {
    "lemniscate":
    {
      "w": 0.6408564,
      "x": -0.2988362,
      "y": 0.2988362,
      "z": -0.6408564
    },
    "ellipse":
    {
      "w": 0.664463,
      "x": -0.2418448,
      "y": 0.2418448,
      "z": -0.664463
    },
    "trackRATM":
    {
      "w": 0.664463,
      "x": -0.2418448,
      "y": 0.2418448,
      "z": -0.664463
    },
    "piloted":
    {
      "w": -0.60033848,
      "x": 0.3639627,
      "y": -0.36556254,
      "z": 0.61113737
    }
  }
}
